{"svm": {"0": {"precision": 0.9235713179495122, "recall": 0.958107402498293, "f1-score": 0.9405224248398226, "support": 24897.0}, "1": {"precision": 0.8665728540360752, "recall": 0.7743484224965707, "f1-score": 0.8178690009055237, "support": 8748.0}, "accuracy": 0.9103284291871007, "macro avg": {"precision": 0.8950720859927936, "recall": 0.8662279124974318, "f1-score": 0.8791957128726732, "support": 33645.0}, "weighted avg": {"precision": 0.9087512090978329, "recall": 0.9103284291871007, "f1-score": 0.9086314409617651, "support": 33645.0}}, "naive_bayes": {"0": {"precision": 0.8314676616915423, "recall": 0.9666224846367032, "f1-score": 0.8939655652755335, "support": 24897.0}, "1": {"precision": 0.8232291001914487, "recall": 0.44238683127572015, "f1-score": 0.5755074726745483, "support": 8748.0}, "accuracy": 0.8303165403477486, "macro avg": {"precision": 0.8273483809414954, "recall": 0.7045046579562116, "f1-score": 0.7347365189750409, "support": 33645.0}, "weighted avg": {"precision": 0.8293255622413173, "recall": 0.8303165403477486, "f1-score": 0.8111636216264498, "support": 33645.0}}, "logistic_regression": {"0": {"precision": 0.860901983495005, "recall": 0.9553359842551311, "f1-score": 0.9056639695383151, "support": 24897.0}, "1": {"precision": 0.8151902941665282, "recall": 0.5606995884773662, "f1-score": 0.664409075516424, "support": 8748.0}, "accuracy": 0.8527270025263783, "macro avg": {"precision": 0.8380461388307666, "recall": 0.7580177863662487, "f1-score": 0.7850365225273696, "support": 33645.0}, "weighted avg": {"precision": 0.8490165366754029, "recall": 0.8527270025263783, "f1-score": 0.842935545912115, "support": 33645.0}}, "random_forest": {"0": {"precision": 0.9333254521811088, "recall": 0.9513194360766357, "f1-score": 0.9422365437403032, "support": 24897.0}, "1": {"precision": 0.8534107402031931, "recall": 0.8065843621399177, "f1-score": 0.8293370944992948, "support": 8748.0}, "accuracy": 0.9136870263040571, "macro avg": {"precision": 0.893368096192151, "recall": 0.8789518991082768, "f1-score": 0.8857868191197991, "support": 33645.0}, "weighted avg": {"precision": 0.9125469144969713, "recall": 0.9136870263040571, "f1-score": 0.9128816802550798, "support": 33645.0}}}